year,is_knockout,team_1_score,team_2_score,team_1_name,team_1_is_home_nation,team_1_top_goalscorers_count,team_1_premier_league_players,team_1_laliga_players,team_1_serie_a_players,team_1_bundesliga_players,team_1_ligue_1_players,team_1_players_finishing_top_three_europe_domestic,team_1_n_unique_clubs,team_1_qualified_last_time,team_1_made_r16_last_time,team_1_made_quarters_last_time,team_1_made_semis_last_time,team_1_made_final_last_time,team_1_ranking,team_2_name,team_2_is_home_nation,team_2_top_goalscorers_count,team_2_premier_league_players,team_2_laliga_players,team_2_serie_a_players,team_2_bundesliga_players,team_2_ligue_1_players,team_2_players_finishing_top_three_europe_domestic,team_2_n_unique_clubs,team_2_qualified_last_time,team_2_made_r16_last_time,team_2_made_quarters_last_time,team_2_made_semis_last_time,team_2_made_final_last_time,team_2_ranking
1998,0,2,1,brazil,0,2,0,3,6,1,0,5,16,1,1,1,1,1,1,scotland,0,0,7,0,0,0,1,1,12,0,0,0,0,0,41
1998,0,2,2,morocco,0,0,0,4,1,0,1,3,18,1,0,0,0,0,13,norway,0,0,11,1,0,2,0,5,15,1,0,0,0,0,7
1998,0,1,1,scotland,0,0,7,0,0,0,1,1,12,0,0,0,0,0,41,norway,0,0,11,1,0,2,0,5,15,1,0,0,0,0,7
1998,0,3,0,brazil,0,2,0,3,6,1,0,5,16,1,1,1,1,1,1,morocco,0,0,0,4,1,0,1,3,18,1,0,0,0,0,13
1998,0,0,3,scotland,0,0,7,0,0,0,1,1,12,0,0,0,0,0,41,morocco,0,0,0,4,1,0,1,3,18,1,0,0,0,0,13
1998,0,1,2,brazil,0,2,0,3,6,1,0,5,16,1,1,1,1,1,1,norway,0,0,11,1,0,2,0,5,15,1,0,0,0,0,7
1998,0,1,1,cameroon,0,0,2,1,1,1,4,1,21,1,0,0,0,0,49,austria,0,0,1,1,1,5,1,1,14,0,0,0,0,0,31
1998,0,2,2,italy,0,2,1,1,20,0,0,8,10,1,1,1,1,1,14,chile,0,0,0,0,1,0,0,1,10,0,0,0,0,0,9
1998,0,1,1,chile,0,0,0,0,1,0,0,1,10,0,0,0,0,0,9,austria,0,0,1,1,1,5,1,1,14,0,0,0,0,0,31
1998,0,3,0,italy,0,2,1,1,20,0,0,8,10,1,1,1,1,1,14,cameroon,0,0,2,1,1,1,4,1,21,1,0,0,0,0,49
1998,0,2,1,italy,0,2,1,1,20,0,0,8,10,1,1,1,1,1,14,austria,0,0,1,1,1,5,1,1,14,0,0,0,0,0,31
1998,0,1,1,chile,0,0,0,0,1,0,0,1,10,0,0,0,0,0,9,cameroon,0,0,2,1,1,1,4,1,21,1,0,0,0,0,49
1998,0,0,1,saudi arabia,0,0,0,0,0,0,0,0,9,1,1,0,0,0,34,denmark,0,0,4,0,2,3,0,5,18,0,0,0,0,0,27
1998,0,3,0,france,1,2,3,1,7,1,10,10,15,0,0,0,0,0,18,south africa,0,0,2,1,1,1,1,0,20,0,0,0,0,0,24
1998,0,4,0,france,1,2,3,1,7,1,10,10,15,0,0,0,0,0,18,saudi arabia,0,0,0,0,0,0,0,0,9,1,1,0,0,0,34
1998,0,1,1,south africa,0,0,2,1,1,1,1,0,20,0,0,0,0,0,24,denmark,0,0,4,0,2,3,0,5,18,0,0,0,0,0,27
1998,0,2,1,france,1,2,3,1,7,1,10,10,15,0,0,0,0,0,18,denmark,0,0,4,0,2,3,0,5,18,0,0,0,0,0,27
1998,0,2,2,south africa,0,0,2,1,1,1,1,0,20,0,0,0,0,0,24,saudi arabia,0,0,0,0,0,0,0,0,9,1,1,0,0,0,34
1998,0,0,0,paraguay,0,0,0,2,0,0,0,0,19,0,0,0,0,0,29,bulgaria,0,0,0,1,0,3,0,1,15,1,1,1,1,0,35
1998,0,2,3,spain,0,1,0,22,0,0,0,12,8,1,1,1,0,0,15,nigeria,0,1,1,3,2,0,3,5,19,1,1,0,0,0,74
1998,0,1,0,nigeria,0,1,1,3,2,0,3,5,19,1,1,0,0,0,74,bulgaria,0,0,0,1,0,3,0,1,15,1,1,1,1,0,35
1998,0,0,0,spain,0,1,0,22,0,0,0,12,8,1,1,1,0,0,15,paraguay,0,0,0,2,0,0,0,0,19,0,0,0,0,0,29
1998,0,6,1,spain,0,1,0,22,0,0,0,12,8,1,1,1,0,0,15,bulgaria,0,0,0,1,0,3,0,1,15,1,1,1,1,0,35
1998,0,1,3,nigeria,0,1,1,3,2,0,3,5,19,1,1,0,0,0,74,paraguay,0,0,0,2,0,0,0,0,19,0,0,0,0,0,29
1998,0,0,0,netherlands,0,1,4,4,3,0,0,7,12,1,1,1,0,0,25,belgium,0,0,0,0,2,1,1,1,13,1,1,0,0,0,36
1998,0,1,3,south korea,0,0,2,0,0,0,1,0,14,1,0,0,0,0,20,mexico,0,0,0,0,0,0,0,0,10,1,1,0,0,0,4
1998,0,5,0,netherlands,0,1,4,4,3,0,0,7,12,1,1,1,0,0,25,south korea,0,0,2,0,0,0,1,0,14,1,0,0,0,0,20
1998,0,2,2,belgium,0,0,0,0,2,1,1,1,13,1,1,0,0,0,36,mexico,0,0,0,0,0,0,0,0,10,1,1,0,0,0,4
1998,0,1,1,belgium,0,0,0,0,2,1,1,1,13,1,1,0,0,0,36,south korea,0,0,2,0,0,0,1,0,14,1,0,0,0,0,20
1998,0,2,2,netherlands,0,1,4,4,3,0,0,7,12,1,1,1,0,0,25,mexico,0,0,0,0,0,0,0,0,10,1,1,0,0,0,4
1998,0,1,0,yugoslavia,0,0,1,7,5,1,1,2,21,0,0,0,0,0,8,iran,0,0,0,0,0,3,0,0,9,0,0,0,0,0,42
1998,0,2,0,germany,0,3,1,0,2,17,1,10,11,1,1,1,0,0,2,united states,0,0,2,0,0,3,0,1,14,1,1,0,0,0,11
1998,0,2,2,germany,0,3,1,0,2,17,1,10,11,1,1,1,0,0,2,yugoslavia,0,0,1,7,5,1,1,2,21,0,0,0,0,0,8
1998,0,1,2,united states,0,0,2,0,0,3,0,1,14,1,1,0,0,0,11,iran,0,0,0,0,0,3,0,0,9,0,0,0,0,0,42
1998,0,2,0,germany,0,3,1,0,2,17,1,10,11,1,1,1,0,0,2,iran,0,0,0,0,0,3,0,0,9,0,0,0,0,0,42
1998,0,0,1,united states,0,0,2,0,0,3,0,1,14,1,1,0,0,0,11,yugoslavia,0,0,1,7,5,1,1,2,21,0,0,0,0,0,8
1998,0,1,0,romania,0,0,2,5,0,1,0,1,17,1,1,1,0,0,22,colombia,0,0,0,2,1,0,0,1,17,1,0,0,0,0,10
1998,0,2,0,england,0,1,21,0,0,0,0,10,11,0,0,0,0,0,5,tunisia,0,0,0,0,0,0,1,0,8,0,0,0,0,0,21
1998,0,1,0,colombia,0,0,0,2,1,0,0,1,17,1,0,0,0,0,10,tunisia,0,0,0,0,0,0,1,0,8,0,0,0,0,0,21
1998,0,2,1,romania,0,0,2,5,0,1,0,1,17,1,1,1,0,0,22,england,0,1,21,0,0,0,0,10,11,0,0,0,0,0,5
1998,0,1,1,romania,0,0,2,5,0,1,0,1,17,1,1,1,0,0,22,tunisia,0,0,0,0,0,0,1,0,8,0,0,0,0,0,21
1998,0,0,2,colombia,0,0,0,2,1,0,0,1,17,1,0,0,0,0,10,england,0,1,21,0,0,0,0,10,11,0,0,0,0,0,5
1998,0,1,3,jamaica,0,0,5,0,0,0,0,0,15,0,0,0,0,0,30,croatia,0,0,2,3,3,2,1,0,16,0,0,0,0,0,19
1998,0,1,0,argentina,0,0,0,4,11,0,0,3,15,1,1,0,0,0,6,japan,0,0,0,0,0,0,0,0,9,0,0,0,0,0,12
1998,0,0,1,japan,0,0,0,0,0,0,0,0,9,0,0,0,0,0,12,croatia,0,0,2,3,3,2,1,0,16,0,0,0,0,0,19
1998,0,5,0,argentina,0,0,0,4,11,0,0,3,15,1,1,0,0,0,6,jamaica,0,0,5,0,0,0,0,0,15,0,0,0,0,0,30
1998,0,1,2,japan,0,0,0,0,0,0,0,0,9,0,0,0,0,0,12,jamaica,0,0,5,0,0,0,0,0,15,0,0,0,0,0,30
1998,0,1,0,argentina,0,0,0,4,11,0,0,3,15,1,1,0,0,0,6,croatia,0,0,2,3,3,2,1,0,16,0,0,0,0,0,19
1998,1,4,1,brazil,0,2,0,3,6,1,0,5,16,1,1,1,1,1,1,chile,0,0,0,0,1,0,0,1,10,0,0,0,0,0,9
1998,1,1,0,italy,0,2,1,1,20,0,0,8,10,1,1,1,1,1,14,norway,0,0,11,1,0,2,0,5,15,1,0,0,0,0,7
1998,1,1,4,nigeria,0,1,1,3,2,0,3,5,19,1,1,0,0,0,74,denmark,0,0,4,0,2,3,0,5,18,0,0,0,0,0,27
1998,1,1,0,france,1,2,3,1,7,1,10,10,15,0,0,0,0,0,18,paraguay,0,0,0,2,0,0,0,0,19,0,0,0,0,0,29
1998,1,2,1,germany,0,3,1,0,2,17,1,10,11,1,1,1,0,0,2,mexico,0,0,0,0,0,0,0,0,10,1,1,0,0,0,4
1998,1,2,1,netherlands,0,1,4,4,3,0,0,7,12,1,1,1,0,0,25,yugoslavia,0,0,1,7,5,1,1,2,21,0,0,0,0,0,8
1998,1,2,2,argentina,0,0,0,4,11,0,0,3,15,1,1,0,0,0,6,england,0,1,21,0,0,0,0,10,11,0,0,0,0,0,5
1998,1,0,1,romania,0,0,2,5,0,1,0,1,17,1,1,1,0,0,22,croatia,0,0,2,3,3,2,1,0,16,0,0,0,0,0,19
1998,1,0,0,italy,0,2,1,1,20,0,0,8,10,1,1,1,1,1,14,france,1,2,3,1,7,1,10,10,15,0,0,0,0,0,18
1998,1,3,2,brazil,0,2,0,3,6,1,0,5,16,1,1,1,1,1,1,denmark,0,0,4,0,2,3,0,5,18,0,0,0,0,0,27
1998,1,0,3,germany,0,3,1,0,2,17,1,10,11,1,1,1,0,0,2,croatia,0,0,2,3,3,2,1,0,16,0,0,0,0,0,19
1998,1,2,1,netherlands,0,1,4,4,3,0,0,7,12,1,1,1,0,0,25,argentina,0,0,0,4,11,0,0,3,15,1,1,0,0,0,6
1998,1,1,1,brazil,0,2,0,3,6,1,0,5,16,1,1,1,1,1,1,netherlands,0,1,4,4,3,0,0,7,12,1,1,1,0,0,25
1998,1,2,1,france,1,2,3,1,7,1,10,10,15,0,0,0,0,0,18,croatia,0,0,2,3,3,2,1,0,16,0,0,0,0,0,19
1998,1,1,2,netherlands,0,1,4,4,3,0,0,7,12,1,1,1,0,0,25,croatia,0,0,2,3,3,2,1,0,16,0,0,0,0,0,19
1998,1,0,3,brazil,0,2,0,3,6,1,0,5,16,1,1,1,1,1,1,france,1,2,3,1,7,1,10,10,15,0,0,0,0,0,18
1994,0,1,1,united states,1,0,3,0,0,2,0,2,20,1,0,0,0,0,23,switzerland,0,1,0,0,0,3,0,1,13,0,0,0,0,0,12
1994,0,1,3,colombia,0,0,0,0,1,1,0,2,9,1,1,0,0,0,17,romania,0,0,0,1,2,1,0,1,15,1,1,0,0,0,7
1994,0,1,4,romania,0,0,0,1,2,1,0,1,15,1,1,0,0,0,7,switzerland,0,1,0,0,0,3,0,1,13,0,0,0,0,0,12
1994,0,2,1,united states,1,0,3,0,0,2,0,2,20,1,0,0,0,0,23,colombia,0,0,0,0,1,1,0,2,9,1,1,0,0,0,17
1994,0,0,1,united states,1,0,3,0,0,2,0,2,20,1,0,0,0,0,23,romania,0,0,0,1,2,1,0,1,15,1,1,0,0,0,7
1994,0,0,2,switzerland,0,1,0,0,0,3,0,1,13,0,0,0,0,0,12,colombia,0,0,0,0,1,1,0,2,9,1,1,0,0,0,17
1994,0,2,2,cameroon,0,0,0,0,0,0,3,0,15,1,1,1,0,0,24,sweden,0,0,0,0,0,0,0,0,2,1,0,0,0,0,10
1994,0,2,0,brazil,0,1,0,3,2,3,2,6,17,1,1,0,0,0,3,russia,0,0,1,2,0,2,1,1,11,0,0,0,0,0,19
1994,0,3,0,brazil,0,1,0,3,2,3,2,6,17,1,1,0,0,0,3,cameroon,0,0,0,0,0,0,3,0,15,1,1,1,0,0,24
1994,0,3,1,sweden,0,0,0,0,0,0,0,0,2,1,0,0,0,0,10,russia,0,0,1,2,0,2,1,1,11,0,0,0,0,0,19
1994,0,6,1,russia,0,0,1,2,0,2,1,1,11,0,0,0,0,0,19,cameroon,0,0,0,0,0,0,3,0,15,1,1,1,0,0,24
1994,0,1,1,brazil,0,1,0,3,2,3,2,6,17,1,1,0,0,0,3,sweden,0,0,0,0,0,0,0,0,2,1,0,0,0,0,10
1994,0,1,0,germany,0,0,0,0,3,13,2,7,15,1,1,1,1,1,1,bolivia,0,0,0,0,0,0,0,0,12,0,0,0,0,0,43
1994,0,2,2,spain,0,0,0,21,0,0,0,10,10,1,1,0,0,0,5,south korea,0,0,0,0,0,0,0,0,9,1,0,0,0,0,37
1994,0,1,1,germany,0,0,0,0,3,13,2,7,15,1,1,1,1,1,1,spain,0,0,0,21,0,0,0,10,10,1,1,0,0,0,5
1994,0,0,0,south korea,0,0,0,0,0,0,0,0,9,1,0,0,0,0,37,bolivia,0,0,0,0,0,0,0,0,12,0,0,0,0,0,43
1994,0,1,3,bolivia,0,0,0,0,0,0,0,0,12,0,0,0,0,0,43,spain,0,0,0,21,0,0,0,10,10,1,1,0,0,0,5
1994,0,3,2,germany,0,0,0,0,3,13,2,7,15,1,1,1,1,1,1,south korea,0,0,0,0,0,0,0,0,9,1,0,0,0,0,37
1994,0,4,0,argentina,0,0,0,3,4,1,0,2,17,1,1,1,1,1,8,greece,0,0,0,0,0,0,0,0,7,0,0,0,0,0,31
1994,0,3,0,nigeria,0,0,2,2,0,1,2,0,21,0,0,0,0,0,11,bulgaria,0,0,1,2,0,2,0,5,19,0,0,0,0,0,29
1994,0,2,1,argentina,0,0,0,3,4,1,0,2,17,1,1,1,1,1,8,nigeria,0,0,2,2,0,1,2,0,21,0,0,0,0,0,11
1994,0,0,4,greece,0,0,0,0,0,0,0,0,7,0,0,0,0,0,31,bulgaria,0,0,1,2,0,2,0,5,19,0,0,0,0,0,29
1994,0,0,2,greece,0,0,0,0,0,0,0,0,7,0,0,0,0,0,31,nigeria,0,0,2,2,0,1,2,0,21,0,0,0,0,0,11
1994,0,0,2,argentina,0,0,0,3,4,1,0,2,17,1,1,1,1,1,8,bulgaria,0,0,1,2,0,2,0,5,19,0,0,0,0,0,29
1994,0,0,1,italy,0,3,0,0,22,0,0,11,7,1,1,1,1,0,4,ireland,0,0,16,0,0,0,0,3,17,1,1,1,0,0,14
1994,0,1,0,norway,0,0,8,0,0,1,1,1,17,0,0,0,0,0,6,mexico,0,0,0,2,0,0,0,0,14,0,0,0,0,0,16
1994,0,1,0,italy,0,3,0,0,22,0,0,11,7,1,1,1,1,0,4,norway,0,0,8,0,0,1,1,1,17,0,0,0,0,0,6
1994,0,2,1,mexico,0,0,0,2,0,0,0,0,14,0,0,0,0,0,16,ireland,0,0,16,0,0,0,0,3,17,1,1,1,0,0,14
1994,0,0,0,ireland,0,0,16,0,0,0,0,3,17,1,1,1,0,0,14,norway,0,0,8,0,0,1,1,1,17,0,0,0,0,0,6
1994,0,1,1,italy,0,3,0,0,22,0,0,11,7,1,1,1,1,0,4,mexico,0,0,0,2,0,0,0,0,14,0,0,0,0,0,16
1994,0,1,0,belgium,0,0,0,0,1,0,1,1,9,1,1,0,0,0,27,morocco,0,0,2,0,0,1,2,0,16,0,0,0,0,0,28
1994,0,2,1,netherlands,0,0,0,1,4,0,0,3,10,1,1,0,0,0,2,saudi arabia,0,0,0,0,0,0,0,0,9,0,0,0,0,0,34
1994,0,1,0,belgium,0,0,0,0,1,0,1,1,9,1,1,0,0,0,27,netherlands,0,0,0,1,4,0,0,3,10,1,1,0,0,0,2
1994,0,2,1,saudi arabia,0,0,0,0,0,0,0,0,9,0,0,0,0,0,34,morocco,0,0,2,0,0,1,2,0,16,0,0,0,0,0,28
1994,0,1,2,morocco,0,0,2,0,0,1,2,0,16,0,0,0,0,0,28,netherlands,0,0,0,1,4,0,0,3,10,1,1,0,0,0,2
1994,0,0,1,belgium,0,0,0,0,1,0,1,1,9,1,1,0,0,0,27,saudi arabia,0,0,0,0,0,0,0,0,9,0,0,0,0,0,34
1994,1,3,2,germany,0,0,0,0,3,13,2,7,15,1,1,1,1,1,1,belgium,0,0,0,0,1,0,1,1,9,1,1,0,0,0,27
1994,1,3,0,spain,0,0,0,21,0,0,0,10,10,1,1,0,0,0,5,switzerland,0,1,0,0,0,3,0,1,13,0,0,0,0,0,12
1994,1,1,3,saudi arabia,0,0,0,0,0,0,0,0,9,0,0,0,0,0,34,sweden,0,0,0,0,0,0,0,0,2,1,0,0,0,0,10
1994,1,3,2,romania,0,0,0,1,2,1,0,1,15,1,1,0,0,0,7,argentina,0,0,0,3,4,1,0,2,17,1,1,1,1,1,8
1994,1,2,0,netherlands,0,0,0,1,4,0,0,3,10,1,1,0,0,0,2,ireland,0,0,16,0,0,0,0,3,17,1,1,1,0,0,14
1994,1,1,0,brazil,0,1,0,3,2,3,2,6,17,1,1,0,0,0,3,united states,1,0,3,0,0,2,0,2,20,1,0,0,0,0,23
1994,1,1,2,nigeria,0,0,2,2,0,1,2,0,21,0,0,0,0,0,11,italy,0,3,0,0,22,0,0,11,7,1,1,1,1,0,4
1994,1,1,1,mexico,0,0,0,2,0,0,0,0,14,0,0,0,0,0,16,bulgaria,0,0,1,2,0,2,0,5,19,0,0,0,0,0,29
1994,1,2,1,italy,0,3,0,0,22,0,0,11,7,1,1,1,1,0,4,spain,0,0,0,21,0,0,0,10,10,1,1,0,0,0,5
1994,1,2,3,netherlands,0,0,0,1,4,0,0,3,10,1,1,0,0,0,2,brazil,0,1,0,3,2,3,2,6,17,1,1,0,0,0,3
1994,1,2,1,bulgaria,0,0,1,2,0,2,0,5,19,0,0,0,0,0,29,germany,0,0,0,0,3,13,2,7,15,1,1,1,1,1,1
1994,1,2,2,romania,0,0,0,1,2,1,0,1,15,1,1,0,0,0,7,sweden,0,0,0,0,0,0,0,0,2,1,0,0,0,0,10
1994,1,1,2,bulgaria,0,0,1,2,0,2,0,5,19,0,0,0,0,0,29,italy,0,3,0,0,22,0,0,11,7,1,1,1,1,0,4
1994,1,0,1,sweden,0,0,0,0,0,0,0,0,2,1,0,0,0,0,10,brazil,0,1,0,3,2,3,2,6,17,1,1,0,0,0,3
1994,1,4,0,sweden,0,0,0,0,0,0,0,0,2,1,0,0,0,0,10,bulgaria,0,0,1,2,0,2,0,5,19,0,0,0,0,0,29
1994,1,0,0,brazil,0,1,0,3,2,3,2,6,17,1,1,0,0,0,3,italy,0,3,0,0,22,0,0,11,7,1,1,1,1,0,4
2014,0,3,1,brazil,1,0,6,3,3,2,2,13,17,1,1,1,0,0,3,croatia,0,0,2,3,3,3,1,3,19,0,0,0,0,0,18
2014,0,1,0,mexico,0,0,1,3,0,1,1,2,12,1,1,0,0,0,20,cameroon,0,1,2,3,0,2,5,3,22,1,0,0,0,0,56
2014,0,0,0,brazil,1,0,6,3,3,2,2,13,17,1,1,1,0,0,3,mexico,0,0,1,3,0,1,1,2,12,1,1,0,0,0,20
2014,0,0,4,cameroon,0,1,2,3,0,2,5,3,22,1,0,0,0,0,56,croatia,0,0,2,3,3,3,1,3,19,0,0,0,0,0,18
2014,0,1,4,cameroon,0,1,2,3,0,2,5,3,22,1,0,0,0,0,56,brazil,1,0,6,3,3,2,2,13,17,1,1,1,0,0,3
2014,0,1,3,croatia,0,0,2,3,3,3,1,3,19,0,0,0,0,0,18,mexico,0,0,1,3,0,1,1,2,12,1,1,0,0,0,20
2014,0,1,5,spain,0,1,6,14,2,1,0,20,9,1,1,1,1,1,1,netherlands,0,0,6,0,1,3,0,2,17,1,1,1,1,1,15
2014,0,3,1,chile,0,1,1,5,4,0,0,3,20,1,1,0,0,0,14,australia,0,0,1,0,1,1,0,1,22,1,0,0,0,0,62
2014,0,2,3,australia,0,0,1,0,1,1,0,1,22,1,0,0,0,0,62,netherlands,0,0,6,0,1,3,0,2,17,1,1,1,1,1,15
2014,0,0,2,spain,0,1,6,14,2,1,0,20,9,1,1,1,1,1,1,chile,0,1,1,5,4,0,0,3,20,1,1,0,0,0,14
2014,0,0,3,australia,0,0,1,0,1,1,0,1,22,1,0,0,0,0,62,spain,0,1,6,14,2,1,0,20,9,1,1,1,1,1,1
2014,0,2,0,netherlands,0,0,6,0,1,3,0,2,17,1,1,1,1,1,15,chile,0,1,1,5,4,0,0,3,20,1,1,0,0,0,14
2014,0,3,0,colombia,0,1,1,2,6,1,3,4,20,0,0,0,0,0,8,greece,0,0,2,2,6,1,0,2,15,1,0,0,0,0,12
2014,0,2,1,cote d ivoire,0,1,4,0,1,3,3,4,19,0,0,0,0,0,23,japan,0,0,2,0,2,4,0,1,19,1,1,0,0,0,46
2014,0,2,1,colombia,0,1,1,2,6,1,3,4,20,0,0,0,0,0,8,cote d ivoire,0,1,4,0,1,3,3,4,19,0,0,0,0,0,23
2014,0,0,0,japan,0,0,2,0,2,4,0,1,19,1,1,0,0,0,46,greece,0,0,2,2,6,1,0,2,15,1,0,0,0,0,12
2014,0,1,4,japan,0,0,2,0,2,4,0,1,19,1,1,0,0,0,46,colombia,0,1,1,2,6,1,3,4,20,0,0,0,0,0,8
2014,0,2,1,greece,0,0,2,2,6,1,0,2,15,1,0,0,0,0,12,cote d ivoire,0,1,4,0,1,3,3,4,19,0,0,0,0,0,23
2014,0,1,3,uruguay,0,1,3,4,4,0,1,8,21,1,1,1,1,0,7,costa rica,0,0,0,1,0,1,0,0,17,0,0,0,0,0,28
2014,0,1,2,england,0,1,22,0,0,0,0,9,9,1,1,0,0,0,10,italy,0,1,0,0,20,0,3,11,10,1,0,0,0,0,9
2014,0,2,1,uruguay,0,1,3,4,4,0,1,8,21,1,1,1,1,0,7,england,0,1,22,0,0,0,0,9,9,1,1,0,0,0,10
2014,0,0,1,italy,0,1,0,0,20,0,3,11,10,1,0,0,0,0,9,costa rica,0,0,0,1,0,1,0,0,17,0,0,0,0,0,28
2014,0,0,1,italy,0,1,0,0,20,0,3,11,10,1,0,0,0,0,9,uruguay,0,1,3,4,4,0,1,8,21,1,1,1,1,0,7
2014,0,0,0,costa rica,0,0,0,1,0,1,0,0,17,0,0,0,0,0,28,england,0,1,22,0,0,0,0,9,9,1,1,0,0,0,10
2014,0,2,1,switzerland,0,0,0,2,5,8,0,5,16,1,0,0,0,0,6,ecuador,0,0,1,3,0,1,0,3,17,0,0,0,0,0,26
2014,0,3,0,france,0,0,10,3,1,0,7,9,16,1,0,0,0,0,17,honduras,0,0,2,1,0,0,0,0,15,1,0,0,0,0,33
2014,0,2,5,switzerland,0,0,0,2,5,8,0,5,16,1,0,0,0,0,6,france,0,0,10,3,1,0,7,9,16,1,0,0,0,0,17
2014,0,1,2,honduras,0,0,2,1,0,0,0,0,15,1,0,0,0,0,33,ecuador,0,0,1,3,0,1,0,3,17,0,0,0,0,0,26
2014,0,0,3,honduras,0,0,2,1,0,0,0,0,15,1,0,0,0,0,33,switzerland,0,0,0,2,5,8,0,5,16,1,0,0,0,0,6
2014,0,0,0,ecuador,0,0,1,3,0,1,0,3,17,0,0,0,0,0,26,france,0,0,10,3,1,0,7,9,16,1,0,0,0,0,17
2014,0,2,1,argentina,0,2,3,4,7,0,2,12,15,1,1,1,0,0,5,bosnia herzegovina,0,0,2,0,2,6,0,3,22,0,0,0,0,0,21
2014,0,0,0,iran,0,0,1,0,0,1,0,0,16,0,0,0,0,0,43,nigeria,0,0,5,1,1,0,2,4,23,1,0,0,0,0,44
2014,0,1,0,argentina,0,2,3,4,7,0,2,12,15,1,1,1,0,0,5,iran,0,0,1,0,0,1,0,0,16,0,0,0,0,0,43
2014,0,1,0,nigeria,0,0,5,1,1,0,2,4,23,1,0,0,0,0,44,bosnia herzegovina,0,0,2,0,2,6,0,3,22,0,0,0,0,0,21
2014,0,2,3,nigeria,0,0,5,1,1,0,2,4,23,1,0,0,0,0,44,argentina,0,2,3,4,7,0,2,12,15,1,1,1,0,0,5
2014,0,3,1,bosnia herzegovina,0,0,2,0,2,6,0,3,22,0,0,0,0,0,21,iran,0,0,1,0,0,1,0,0,16,0,0,0,0,0,43
2014,0,4,0,germany,0,1,4,1,1,17,0,16,10,1,1,1,1,0,2,portugal,0,1,1,6,1,1,1,7,15,1,1,0,0,0,4
2014,0,1,2,ghana,0,0,0,0,5,1,4,2,22,1,1,1,0,0,37,united states,0,0,5,0,0,3,1,1,20,1,1,0,0,0,13
2014,0,2,2,germany,0,1,4,1,1,17,0,16,10,1,1,1,1,0,2,ghana,0,0,0,0,5,1,4,2,22,1,1,1,0,0,37
2014,0,2,2,united states,0,0,5,0,0,3,1,1,20,1,1,0,0,0,13,portugal,0,1,1,6,1,1,1,7,15,1,1,0,0,0,4
2014,0,0,1,united states,0,0,5,0,0,3,1,1,20,1,1,0,0,0,13,germany,0,1,4,1,1,17,0,16,10,1,1,1,1,0,2
2014,0,2,1,portugal,0,1,1,6,1,1,1,7,15,1,1,0,0,0,4,ghana,0,0,0,0,5,1,4,2,22,1,1,1,0,0,37
2014,0,2,1,belgium,0,0,11,2,1,2,1,9,17,0,0,0,0,0,11,algeria,0,0,1,3,4,0,3,3,23,1,0,0,0,0,22
2014,0,1,1,russia,0,0,0,0,0,0,0,0,9,0,0,0,0,0,19,south korea,0,0,2,0,0,5,0,0,18,1,1,0,0,0,57
2014,0,1,0,belgium,0,0,11,2,1,2,1,9,17,0,0,0,0,0,11,russia,0,0,0,0,0,0,0,0,9,0,0,0,0,0,19
2014,0,2,4,south korea,0,0,2,0,0,5,0,0,18,1,1,0,0,0,57,algeria,0,0,1,3,4,0,3,3,23,1,0,0,0,0,22
2014,0,0,1,south korea,0,0,2,0,0,5,0,0,18,1,1,0,0,0,57,belgium,0,0,11,2,1,2,1,9,17,0,0,0,0,0,11
2014,0,1,1,algeria,0,0,1,3,4,0,3,3,23,1,0,0,0,0,22,russia,0,0,0,0,0,0,0,0,9,0,0,0,0,0,19
2010,0,1,1,south africa,0,0,3,0,0,0,0,0,15,0,0,0,0,0,83,mexico,0,0,2,2,0,1,0,2,16,1,1,0,0,0,17
2010,0,0,0,uruguay,0,0,0,4,3,0,1,4,20,0,0,0,0,0,16,france,0,0,8,2,0,1,11,19,9,1,1,1,1,1,9
2010,0,0,3,south africa,0,0,3,0,0,0,0,0,15,0,0,0,0,0,83,uruguay,0,0,0,4,3,0,1,4,20,0,0,0,0,0,16
2010,0,0,2,france,0,0,8,2,0,1,11,19,9,1,1,1,1,1,9,mexico,0,0,2,2,0,1,0,2,16,1,1,0,0,0,17
2010,0,0,1,mexico,0,0,2,2,0,1,0,2,16,1,1,0,0,0,17,uruguay,0,0,0,4,3,0,1,4,20,0,0,0,0,0,16
2010,0,1,2,france,0,0,8,2,0,1,11,19,9,1,1,1,1,1,9,south africa,0,0,3,0,0,0,0,0,15,0,0,0,0,0,83
2010,0,2,0,south korea,0,0,2,0,0,1,1,1,18,1,0,0,0,0,47,greece,0,0,1,0,3,1,0,0,13,0,0,0,0,0,13
2010,0,1,0,argentina,0,4,3,3,6,1,1,8,19,1,1,1,0,0,7,nigeria,0,0,6,2,0,2,4,1,21,0,0,0,0,0,21
2010,0,4,1,argentina,0,4,3,3,6,1,1,8,19,1,1,1,0,0,7,south korea,0,0,2,0,0,1,1,1,18,1,0,0,0,0,47
2010,0,2,1,greece,0,0,1,0,3,1,0,0,13,0,0,0,0,0,13,nigeria,0,0,6,2,0,2,4,1,21,0,0,0,0,0,21
2010,0,2,2,nigeria,0,0,6,2,0,2,4,1,21,0,0,0,0,0,21,south korea,0,0,2,0,0,1,1,1,18,1,0,0,0,0,47
2010,0,0,2,greece,0,0,1,0,3,1,0,0,13,0,0,0,0,0,13,argentina,0,4,3,3,6,1,1,8,19,1,1,1,0,0,7
2010,0,1,1,england,0,1,23,0,0,0,0,6,9,1,1,1,0,0,8,united states,0,0,6,0,1,3,1,1,21,1,0,0,0,0,14
2010,0,0,1,algeria,0,0,3,1,1,4,3,0,21,0,0,0,0,0,30,slovenia,0,0,0,0,3,3,2,2,20,0,0,0,0,0,25
2010,0,2,2,slovenia,0,0,0,0,3,3,2,2,20,0,0,0,0,0,25,united states,0,0,6,0,1,3,1,1,21,1,0,0,0,0,14
2010,0,0,0,england,0,1,23,0,0,0,0,6,9,1,1,1,0,0,8,algeria,0,0,3,1,1,4,3,0,21,0,0,0,0,0,30
2010,0,1,0,united states,0,0,6,0,1,3,1,1,21,1,0,0,0,0,14,algeria,0,0,3,1,1,4,3,0,21,0,0,0,0,0,30
2010,0,0,1,slovenia,0,0,0,0,3,3,2,2,20,0,0,0,0,0,25,england,0,1,23,0,0,0,0,6,9,1,1,1,0,0,8
2010,0,0,1,serbia,0,0,3,2,3,4,0,4,23,1,0,0,0,0,15,ghana,0,0,5,1,4,3,1,3,22,1,1,0,0,0,32
2010,0,4,0,germany,0,1,0,0,0,23,0,12,8,1,1,1,1,0,6,australia,0,0,5,0,1,0,0,0,21,1,1,0,0,0,20
2010,0,0,1,germany,0,1,0,0,0,23,0,12,8,1,1,1,1,0,6,serbia,0,0,3,2,3,4,0,4,23,1,0,0,0,0,15
2010,0,1,1,ghana,0,0,5,1,4,3,1,3,22,1,1,0,0,0,32,australia,0,0,5,0,1,0,0,0,21,1,1,0,0,0,20
2010,0,2,1,australia,0,0,5,0,1,0,0,0,21,1,1,0,0,0,20,serbia,0,0,3,2,3,4,0,4,23,1,0,0,0,0,15
2010,0,0,1,ghana,0,0,5,1,4,3,1,3,22,1,1,0,0,0,32,germany,0,1,0,0,0,23,0,12,8,1,1,1,1,0,6
2010,0,2,0,netherlands,0,0,5,1,2,5,0,6,17,1,1,0,0,0,4,denmark,0,0,4,1,3,2,0,2,19,0,0,0,0,0,36
2010,0,1,0,japan,0,0,0,0,1,1,1,0,15,1,0,0,0,0,45,cameroon,0,0,3,2,1,2,6,5,21,0,0,0,0,0,19
2010,0,1,0,netherlands,0,0,5,1,2,5,0,6,17,1,1,0,0,0,4,japan,0,0,0,0,1,1,1,0,15,1,0,0,0,0,45
2010,0,1,2,cameroon,0,0,3,2,1,2,6,5,21,0,0,0,0,0,19,denmark,0,0,4,1,3,2,0,2,19,0,0,0,0,0,36
2010,0,1,3,denmark,0,0,4,1,3,2,0,2,19,0,0,0,0,0,36,japan,0,0,0,0,1,1,1,0,15,1,0,0,0,0,45
2010,0,1,2,cameroon,0,0,3,2,1,2,6,5,21,0,0,0,0,0,19,netherlands,0,0,5,1,2,5,0,6,17,1,1,0,0,0,4
2010,0,1,1,italy,0,1,0,0,23,0,0,4,10,1,1,1,1,1,5,paraguay,0,0,2,1,1,3,0,1,21,1,0,0,0,0,31
2010,0,1,1,new zealand,0,0,1,0,0,0,0,0,17,0,0,0,0,0,78,slovakia,0,0,2,0,1,4,0,0,22,0,0,0,0,0,34
2010,0,0,2,slovakia,0,0,2,0,1,4,0,0,22,0,0,0,0,0,34,paraguay,0,0,2,1,1,3,0,1,21,1,0,0,0,0,31
2010,0,1,1,italy,0,1,0,0,23,0,0,4,10,1,1,1,1,1,5,new zealand,0,0,1,0,0,0,0,0,17,0,0,0,0,0,78
2010,0,3,2,slovakia,0,0,2,0,1,4,0,0,22,0,0,0,0,0,34,italy,0,1,0,0,23,0,0,4,10,1,1,1,1,1,5
2010,0,0,0,paraguay,0,0,2,1,1,3,0,1,21,1,0,0,0,0,31,new zealand,0,0,1,0,0,0,0,0,17,0,0,0,0,0,78
2010,0,0,0,cote d ivoire,0,1,6,3,0,2,4,4,20,0,0,0,0,0,27,portugal,0,1,3,6,0,1,1,14,13,1,1,1,1,0,3
2010,0,2,1,brazil,0,0,1,4,8,2,1,12,17,1,1,1,0,0,1,north korea,0,0,0,0,0,0,0,0,9,0,0,0,0,0,105
2010,0,3,1,brazil,0,0,1,4,8,2,1,12,17,1,1,1,0,0,1,cote d ivoire,0,1,6,3,0,2,4,4,20,0,0,0,0,0,27
2010,0,7,0,portugal,0,1,3,6,0,1,1,14,13,1,1,1,1,0,3,north korea,0,0,0,0,0,0,0,0,9,0,0,0,0,0,105
2010,0,0,0,portugal,0,1,3,6,0,1,1,14,13,1,1,1,1,0,3,brazil,0,0,1,4,8,2,1,12,17,1,1,1,0,0,1
2010,0,0,3,north korea,0,0,0,0,0,0,0,0,9,0,0,0,0,0,105,cote d ivoire,0,1,6,3,0,2,4,4,20,0,0,0,0,0,27
2010,0,0,1,honduras,0,0,3,0,2,0,0,0,12,0,0,0,0,0,38,chile,0,0,0,2,2,1,0,0,19,0,0,0,0,0,18
2010,0,0,1,spain,0,1,3,20,0,0,0,17,8,1,1,0,0,0,2,switzerland,0,0,2,0,4,6,1,1,18,1,1,0,0,0,24
2010,0,1,0,chile,0,0,0,2,2,1,0,0,19,0,0,0,0,0,18,switzerland,0,0,2,0,4,6,1,1,18,1,1,0,0,0,24
2010,0,2,0,spain,0,1,3,20,0,0,0,17,8,1,1,0,0,0,2,honduras,0,0,3,0,2,0,0,0,12,0,0,0,0,0,38
2010,0,1,2,chile,0,0,0,2,2,1,0,0,19,0,0,0,0,0,18,spain,0,1,3,20,0,0,0,17,8,1,1,0,0,0,2
2010,0,0,0,switzerland,0,0,2,0,4,6,1,1,18,1,1,0,0,0,24,honduras,0,0,3,0,2,0,0,0,12,0,0,0,0,0,38
2010,1,2,1,uruguay,0,0,0,4,3,0,1,4,20,0,0,0,0,0,16,south korea,0,0,2,0,0,1,1,1,18,1,0,0,0,0,47
2010,1,1,2,united states,0,0,6,0,1,3,1,1,21,1,0,0,0,0,14,ghana,0,0,5,1,4,3,1,3,22,1,1,0,0,0,32
2010,1,4,1,germany,0,1,0,0,0,23,0,12,8,1,1,1,1,0,6,england,0,1,23,0,0,0,0,6,9,1,1,1,0,0,8
2010,1,3,1,argentina,0,4,3,3,6,1,1,8,19,1,1,1,0,0,7,mexico,0,0,2,2,0,1,0,2,16,1,1,0,0,0,17
2010,1,2,1,netherlands,0,0,5,1,2,5,0,6,17,1,1,0,0,0,4,slovakia,0,0,2,0,1,4,0,0,22,0,0,0,0,0,34
2010,1,3,0,brazil,0,0,1,4,8,2,1,12,17,1,1,1,0,0,1,chile,0,0,0,2,2,1,0,0,19,0,0,0,0,0,18
2010,1,0,0,paraguay,0,0,2,1,1,3,0,1,21,1,0,0,0,0,31,japan,0,0,0,0,1,1,1,0,15,1,0,0,0,0,45
2010,1,1,0,spain,0,1,3,20,0,0,0,17,8,1,1,0,0,0,2,portugal,0,1,3,6,0,1,1,14,13,1,1,1,1,0,3
2010,1,2,1,netherlands,0,0,5,1,2,5,0,6,17,1,1,0,0,0,4,brazil,0,0,1,4,8,2,1,12,17,1,1,1,0,0,1
2010,1,1,1,uruguay,0,0,0,4,3,0,1,4,20,0,0,0,0,0,16,ghana,0,0,5,1,4,3,1,3,22,1,1,0,0,0,32
2010,1,0,4,argentina,0,4,3,3,6,1,1,8,19,1,1,1,0,0,7,germany,0,1,0,0,0,23,0,12,8,1,1,1,1,0,6
2010,1,0,1,paraguay,0,0,2,1,1,3,0,1,21,1,0,0,0,0,31,spain,0,1,3,20,0,0,0,17,8,1,1,0,0,0,2
2010,1,2,3,uruguay,0,0,0,4,3,0,1,4,20,0,0,0,0,0,16,netherlands,0,0,5,1,2,5,0,6,17,1,1,0,0,0,4
2010,1,0,1,germany,0,1,0,0,0,23,0,12,8,1,1,1,1,0,6,spain,0,1,3,20,0,0,0,17,8,1,1,0,0,0,2
2010,1,2,3,uruguay,0,0,0,4,3,0,1,4,20,0,0,0,0,0,16,germany,0,1,0,0,0,23,0,12,8,1,1,1,1,0,6
2010,1,0,1,netherlands,0,0,5,1,2,5,0,6,17,1,1,0,0,0,4,spain,0,1,3,20,0,0,0,17,8,1,1,0,0,0,2
2006,0,4,2,germany,0,1,2,0,0,21,0,8,13,1,1,1,1,1,19,costa rica,0,0,0,0,0,0,5,0,9,1,0,0,0,0,26
2006,0,0,2,poland,0,0,2,0,0,3,0,0,19,1,0,0,0,0,29,ecuador,0,0,1,1,0,0,0,1,11,1,0,0,0,0,39
2006,0,1,0,germany,0,1,2,0,0,21,0,8,13,1,1,1,1,1,19,poland,0,0,2,0,0,3,0,0,19,1,0,0,0,0,29
2006,0,3,0,ecuador,0,0,1,1,0,0,0,1,11,1,0,0,0,0,39,costa rica,0,0,0,0,0,0,5,0,9,1,0,0,0,0,26
2006,0,0,3,ecuador,0,0,1,1,0,0,0,1,11,1,0,0,0,0,39,germany,0,1,2,0,0,21,0,8,13,1,1,1,1,1,19
2006,0,1,2,costa rica,0,0,0,0,0,0,5,0,9,1,0,0,0,0,26,poland,0,0,2,0,0,3,0,0,19,1,0,0,0,0,29
2006,0,1,0,england,0,0,21,1,0,1,0,13,10,1,1,1,0,0,10,paraguay,0,0,0,2,1,3,0,3,20,1,1,0,0,0,33
2006,0,0,0,trinidad tobago,0,0,1,0,0,0,0,0,18,0,0,0,0,0,47,sweden,0,0,2,1,1,1,3,1,19,1,1,0,0,0,16
2006,0,2,0,england,0,0,21,1,0,1,0,13,10,1,1,1,0,0,10,trinidad tobago,0,0,1,0,0,0,0,0,18,0,0,0,0,0,47
2006,0,1,0,sweden,0,0,2,1,1,1,3,1,19,1,1,0,0,0,16,paraguay,0,0,0,2,1,3,0,3,20,1,1,0,0,0,33
2006,0,2,2,sweden,0,0,2,1,1,1,3,1,19,1,1,0,0,0,16,england,0,0,21,1,0,1,0,13,10,1,1,1,0,0,10
2006,0,2,0,paraguay,0,0,0,2,1,3,0,3,20,1,1,0,0,0,33,trinidad tobago,0,0,1,0,0,0,0,0,18,0,0,0,0,0,47
2006,0,2,1,argentina,0,0,2,11,4,0,0,11,14,1,0,0,0,0,9,cote d ivoire,0,0,4,0,1,1,10,2,22,0,0,0,0,0,32
2006,0,0,1,serbia,0,0,2,3,1,1,1,2,18,0,0,0,0,0,44,netherlands,0,1,5,2,0,2,0,6,10,0,0,0,0,0,3
2006,0,6,0,argentina,0,0,2,11,4,0,0,11,14,1,0,0,0,0,9,serbia,0,0,2,3,1,1,1,2,18,0,0,0,0,0,44
2006,0,2,1,netherlands,0,1,5,2,0,2,0,6,10,0,0,0,0,0,3,cote d ivoire,0,0,4,0,1,1,10,2,22,0,0,0,0,0,32
2006,0,0,0,netherlands,0,1,5,2,0,2,0,6,10,0,0,0,0,0,3,argentina,0,0,2,11,4,0,0,11,14,1,0,0,0,0,9
2006,0,3,2,cote d ivoire,0,0,4,0,1,1,10,2,22,0,0,0,0,0,32,serbia,0,0,2,3,1,1,1,2,18,0,0,0,0,0,44
2006,0,3,1,mexico,0,0,1,2,0,0,0,1,11,1,1,0,0,0,4,iran,0,0,0,0,1,4,0,1,15,0,0,0,0,0,23
2006,0,0,1,angola,0,0,0,0,0,0,0,1,16,0,0,0,0,0,57,portugal,0,1,5,4,1,1,2,16,15,1,0,0,0,0,7
2006,0,0,0,mexico,0,0,1,2,0,0,0,1,11,1,1,0,0,0,4,angola,0,0,0,0,0,0,0,1,16,0,0,0,0,0,57
2006,0,2,0,portugal,0,1,5,4,1,1,2,16,15,1,0,0,0,0,7,iran,0,0,0,0,1,4,0,1,15,0,0,0,0,0,23
2006,0,2,1,portugal,0,1,5,4,1,1,2,16,15,1,0,0,0,0,7,mexico,0,0,1,2,0,0,0,1,11,1,1,0,0,0,4
2006,0,1,1,iran,0,0,0,0,1,4,0,1,15,0,0,0,0,0,23,angola,0,0,0,0,0,0,0,1,16,0,0,0,0,0,57
2006,0,2,0,italy,0,1,0,0,23,0,0,9,9,1,1,0,0,0,13,ghana,0,0,1,0,3,3,1,2,22,0,0,0,0,0,48
2006,0,0,3,united states,0,0,4,0,0,2,0,1,18,1,1,1,0,0,5,czech republic,0,0,2,0,3,5,2,2,20,0,0,0,0,0,2
2006,0,1,1,italy,0,1,0,0,23,0,0,9,9,1,1,0,0,0,13,united states,0,0,4,0,0,2,0,1,18,1,1,1,0,0,5
2006,0,0,2,czech republic,0,0,2,0,3,5,2,2,20,0,0,0,0,0,2,ghana,0,0,1,0,3,3,1,2,22,0,0,0,0,0,48
2006,0,0,2,czech republic,0,0,2,0,3,5,2,2,20,0,0,0,0,0,2,italy,0,1,0,0,23,0,0,9,9,1,1,0,0,0,13
2006,0,2,1,ghana,0,0,1,0,3,3,1,2,22,0,0,0,0,0,48,united states,0,0,4,0,0,2,0,1,18,1,1,1,0,0,5
2006,0,1,0,brazil,0,2,1,5,6,4,3,16,13,1,1,1,1,1,1,croatia,0,0,0,0,3,5,0,3,15,1,0,0,0,0,23
2006,0,3,1,australia,0,0,9,0,3,0,0,2,19,0,0,0,0,0,42,japan,0,0,1,0,1,1,0,0,15,1,1,0,0,0,18
2006,0,2,0,brazil,0,2,1,5,6,4,3,16,13,1,1,1,1,1,1,australia,0,0,9,0,3,0,0,2,19,0,0,0,0,0,42
2006,0,0,0,japan,0,0,1,0,1,1,0,0,15,1,1,0,0,0,18,croatia,0,0,0,0,3,5,0,3,15,1,0,0,0,0,23
2006,0,1,4,japan,0,0,1,0,1,1,0,0,15,1,1,0,0,0,18,brazil,0,2,1,5,6,4,3,16,13,1,1,1,1,1,1
2006,0,2,2,croatia,0,0,0,0,3,5,0,3,15,1,0,0,0,0,23,australia,0,0,9,0,3,0,0,2,19,0,0,0,0,0,42
2006,0,0,0,france,0,1,8,1,3,1,11,11,14,1,0,0,0,0,8,switzerland,0,0,2,0,2,7,4,3,19,0,0,0,0,0,35
2006,0,2,1,south korea,0,0,2,0,0,1,0,1,14,1,1,1,1,0,29,togo,0,0,1,0,1,1,2,0,21,0,0,0,0,0,61
2006,0,1,1,france,0,1,8,1,3,1,11,11,14,1,0,0,0,0,8,south korea,0,0,2,0,0,1,0,1,14,1,1,1,1,0,29
2006,0,0,2,togo,0,0,1,0,1,1,2,0,21,0,0,0,0,0,61,switzerland,0,0,2,0,2,7,4,3,19,0,0,0,0,0,35
2006,0,0,2,togo,0,0,1,0,1,1,2,0,21,0,0,0,0,0,61,france,0,1,8,1,3,1,11,11,14,1,0,0,0,0,8
2006,0,2,0,switzerland,0,0,2,0,2,7,4,3,19,0,0,0,0,0,35,south korea,0,0,2,0,0,1,0,1,14,1,1,1,1,0,29
2006,0,4,0,spain,0,1,5,18,0,0,0,14,9,1,1,1,0,0,5,ukraine,0,0,0,0,1,1,0,1,9,0,0,0,0,0,45
2006,0,2,2,tunisia,0,0,2,0,0,2,5,1,21,1,0,0,0,0,21,saudi arabia,0,0,0,0,0,0,0,0,6,1,0,0,0,0,34
2006,0,3,1,spain,0,1,5,18,0,0,0,14,9,1,1,1,0,0,5,tunisia,0,0,2,0,0,2,5,1,21,1,0,0,0,0,21
2006,0,0,4,saudi arabia,0,0,0,0,0,0,0,0,6,1,0,0,0,0,34,ukraine,0,0,0,0,1,1,0,1,9,0,0,0,0,0,45
2006,0,0,1,saudi arabia,0,0,0,0,0,0,0,0,6,1,0,0,0,0,34,spain,0,1,5,18,0,0,0,14,9,1,1,1,0,0,5
2006,0,1,0,ukraine,0,0,0,0,1,1,0,1,9,0,0,0,0,0,45,tunisia,0,0,2,0,0,2,5,1,21,1,0,0,0,0,21
2006,1,2,0,germany,0,1,2,0,0,21,0,8,13,1,1,1,1,1,19,sweden,0,0,2,1,1,1,3,1,19,1,1,0,0,0,16
2006,1,2,1,argentina,0,0,2,11,4,0,0,11,14,1,0,0,0,0,9,mexico,0,0,1,2,0,0,0,1,11,1,1,0,0,0,4
2006,1,1,0,england,0,0,21,1,0,1,0,13,10,1,1,1,0,0,10,ecuador,0,0,1,1,0,0,0,1,11,1,0,0,0,0,39
2006,1,1,0,portugal,0,1,5,4,1,1,2,16,15,1,0,0,0,0,7,netherlands,0,1,5,2,0,2,0,6,10,0,0,0,0,0,3
2006,1,1,0,italy,0,1,0,0,23,0,0,9,9,1,1,0,0,0,13,australia,0,0,9,0,3,0,0,2,19,0,0,0,0,0,42
2006,1,0,3,switzerland,0,0,2,0,2,7,4,3,19,0,0,0,0,0,35,ukraine,0,0,0,0,1,1,0,1,9,0,0,0,0,0,45
2006,1,3,0,brazil,0,2,1,5,6,4,3,16,13,1,1,1,1,1,1,ghana,0,0,1,0,3,3,1,2,22,0,0,0,0,0,48
2006,1,1,3,spain,0,1,5,18,0,0,0,14,9,1,1,1,0,0,5,france,0,1,8,1,3,1,11,11,14,1,0,0,0,0,8
2006,1,1,1,germany,0,1,2,0,0,21,0,8,13,1,1,1,1,1,19,argentina,0,0,2,11,4,0,0,11,14,1,0,0,0,0,9
2006,1,3,0,italy,0,1,0,0,23,0,0,9,9,1,1,0,0,0,13,ukraine,0,0,0,0,1,1,0,1,9,0,0,0,0,0,45
2006,1,0,0,england,0,0,21,1,0,1,0,13,10,1,1,1,0,0,10,portugal,0,1,5,4,1,1,2,16,15,1,0,0,0,0,7
2006,1,0,1,brazil,0,2,1,5,6,4,3,16,13,1,1,1,1,1,1,france,0,1,8,1,3,1,11,11,14,1,0,0,0,0,8
2006,1,0,2,germany,0,1,2,0,0,21,0,8,13,1,1,1,1,1,19,italy,0,1,0,0,23,0,0,9,9,1,1,0,0,0,13
2006,1,0,1,portugal,0,1,5,4,1,1,2,16,15,1,0,0,0,0,7,france,0,1,8,1,3,1,11,11,14,1,0,0,0,0,8
2006,1,3,1,germany,0,1,2,0,0,21,0,8,13,1,1,1,1,1,19,portugal,0,1,5,4,1,1,2,16,15,1,0,0,0,0,7
2006,1,1,1,italy,0,1,0,0,23,0,0,9,9,1,1,0,0,0,13,france,0,1,8,1,3,1,11,11,14,1,0,0,0,0,8
2002,0,0,1,france,0,3,8,3,5,2,5,14,14,1,1,1,1,1,1,senegal,0,0,0,0,0,0,17,6,14,0,0,0,0,0,42
2002,0,1,2,uruguay,0,0,1,4,8,0,0,7,13,0,0,0,0,0,24,denmark,0,0,5,0,3,1,0,0,19,1,1,1,0,0,20
2002,0,0,0,france,0,3,8,3,5,2,5,14,14,1,1,1,1,1,1,uruguay,0,0,1,4,8,0,0,7,13,0,0,0,0,0,24
2002,0,1,1,denmark,0,0,5,0,3,1,0,0,19,1,1,1,0,0,20,senegal,0,0,0,0,0,0,17,6,14,0,0,0,0,0,42
2002,0,2,0,denmark,0,0,5,0,3,1,0,0,19,1,1,1,0,0,20,france,0,3,8,3,5,2,5,14,14,1,1,1,1,1,1
2002,0,3,3,senegal,0,0,0,0,0,0,17,6,14,0,0,0,0,0,42,uruguay,0,0,1,4,8,0,0,7,13,0,0,0,0,0,24
2002,0,2,2,paraguay,0,0,0,1,0,1,0,2,14,1,1,0,0,0,18,south africa,0,0,2,0,1,1,0,2,20,1,0,0,0,0,37
2002,0,3,1,spain,0,2,0,22,1,0,0,12,11,1,0,0,0,0,8,slovenia,0,0,1,0,1,2,0,1,20,0,0,0,0,0,25
2002,0,3,1,spain,0,2,0,22,1,0,0,12,11,1,0,0,0,0,8,paraguay,0,0,0,1,0,1,0,2,14,1,1,0,0,0,18
2002,0,1,0,south africa,0,0,2,0,1,1,0,2,20,1,0,0,0,0,37,slovenia,0,0,1,0,1,2,0,1,20,0,0,0,0,0,25
2002,0,2,3,south africa,0,0,2,0,1,1,0,2,20,1,0,0,0,0,37,spain,0,2,0,22,1,0,0,12,11,1,0,0,0,0,8
2002,0,1,3,slovenia,0,0,1,0,1,2,0,1,20,0,0,0,0,0,25,paraguay,0,0,0,1,0,1,0,2,14,1,1,0,0,0,18
2002,0,2,1,brazil,0,0,1,3,4,1,2,5,18,1,1,1,1,1,2,turkey,0,0,3,1,3,1,0,3,12,0,0,0,0,0,22
2002,0,0,2,china,0,0,1,0,0,0,0,0,14,0,0,0,0,0,50,costa rica,0,0,0,0,1,0,8,8,7,0,0,0,0,0,29
2002,0,4,0,brazil,0,0,1,3,4,1,2,5,18,1,1,1,1,1,2,china,0,0,1,0,0,0,0,0,14,0,0,0,0,0,50
2002,0,1,1,costa rica,0,0,0,0,1,0,8,8,7,0,0,0,0,0,29,turkey,0,0,3,1,3,1,0,3,12,0,0,0,0,0,22
2002,0,2,5,costa rica,0,0,0,0,1,0,8,8,7,0,0,0,0,0,29,brazil,0,0,1,3,4,1,2,5,18,1,1,1,1,1,2
2002,0,3,0,turkey,0,0,3,1,3,1,0,3,12,0,0,0,0,0,22,china,0,0,1,0,0,0,0,0,14,0,0,0,0,0,50
2002,0,2,0,south korea,1,0,0,0,1,0,0,0,16,1,0,0,0,0,40,poland,0,0,1,0,0,4,2,2,18,0,0,0,0,0,38
2002,0,3,2,united states,0,0,5,0,0,1,1,1,21,1,0,0,0,0,13,portugal,0,1,1,2,4,0,1,17,12,0,0,0,0,0,5
2002,0,1,1,south korea,1,0,0,0,1,0,0,0,16,1,0,0,0,0,40,united states,0,0,5,0,0,1,1,1,21,1,0,0,0,0,13
2002,0,4,0,portugal,0,1,1,2,4,0,1,17,12,0,0,0,0,0,5,poland,0,0,1,0,0,4,2,2,18,0,0,0,0,0,38
2002,0,0,1,portugal,0,1,1,2,4,0,1,17,12,0,0,0,0,0,5,south korea,1,0,0,0,1,0,0,0,16,1,0,0,0,0,40
2002,0,3,1,poland,0,0,1,0,0,4,2,2,18,0,0,0,0,0,38,united states,0,0,5,0,0,1,1,1,21,1,0,0,0,0,13
2002,0,1,1,ireland,0,0,17,0,0,0,0,1,15,0,0,0,0,0,15,cameroon,0,0,3,2,1,1,7,3,22,1,0,0,0,0,17
2002,0,8,0,germany,0,2,2,0,0,20,1,14,10,1,1,1,0,0,11,saudi arabia,0,0,0,0,0,0,0,0,5,1,0,0,0,0,34
2002,0,1,1,germany,0,2,2,0,0,20,1,14,10,1,1,1,0,0,11,ireland,0,0,17,0,0,0,0,1,15,0,0,0,0,0,15
2002,0,1,0,cameroon,0,0,3,2,1,1,7,3,22,1,0,0,0,0,17,saudi arabia,0,0,0,0,0,0,0,0,5,1,0,0,0,0,34
2002,0,0,2,cameroon,0,0,3,2,1,1,7,3,22,1,0,0,0,0,17,germany,0,2,2,0,0,20,1,14,10,1,1,1,0,0,11
2002,0,0,3,saudi arabia,0,0,0,0,0,0,0,0,5,1,0,0,0,0,34,ireland,0,0,17,0,0,0,0,1,15,0,0,0,0,0,15
2002,0,1,1,england,0,0,22,0,0,1,0,11,11,1,1,0,0,0,12,sweden,0,0,5,1,1,1,2,1,17,0,0,0,0,0,19
2002,0,1,0,argentina,0,0,1,6,8,1,2,8,16,1,1,1,0,0,3,nigeria,0,0,2,0,0,1,3,1,21,1,1,0,0,0,27
2002,0,2,1,sweden,0,0,5,1,1,1,2,1,17,0,0,0,0,0,19,nigeria,0,0,2,0,0,1,3,1,21,1,1,0,0,0,27
2002,0,0,1,argentina,0,0,1,6,8,1,2,8,16,1,1,1,0,0,3,england,0,0,22,0,0,1,0,11,11,1,1,0,0,0,12
2002,0,1,1,sweden,0,0,5,1,1,1,2,1,17,0,0,0,0,0,19,argentina,0,0,1,6,8,1,2,8,16,1,1,1,0,0,3
2002,0,0,0,nigeria,0,0,2,0,0,1,3,1,21,1,1,0,0,0,27,england,0,0,22,0,0,1,0,11,11,1,1,0,0,0,12
2002,0,0,1,croatia,0,0,3,0,3,6,0,5,18,1,1,1,1,0,21,mexico,0,0,0,2,0,0,1,0,15,1,1,0,0,0,7
2002,0,2,0,italy,0,1,0,1,22,0,0,14,9,1,1,1,0,0,6,ecuador,0,0,1,6,0,0,0,0,9,0,0,0,0,0,36
2002,0,1,2,italy,0,1,0,1,22,0,0,14,9,1,1,1,0,0,6,croatia,0,0,3,0,3,6,0,5,18,1,1,1,1,0,21
2002,0,2,1,mexico,0,0,0,2,0,0,1,0,15,1,1,0,0,0,7,ecuador,0,0,1,6,0,0,0,0,9,0,0,0,0,0,36
2002,0,1,1,mexico,0,0,0,2,0,0,1,0,15,1,1,0,0,0,7,italy,0,1,0,1,22,0,0,14,9,1,1,1,0,0,6
2002,0,1,0,ecuador,0,0,1,6,0,0,0,0,9,0,0,0,0,0,36,croatia,0,0,3,0,3,6,0,5,18,1,1,1,1,0,21
2002,0,2,2,japan,1,0,1,0,1,0,0,1,12,1,0,0,0,0,32,belgium,0,0,1,0,0,4,2,1,13,1,0,0,0,0,23
2002,0,2,0,russia,0,0,0,3,1,0,1,1,14,0,0,0,0,0,28,tunisia,0,0,0,0,0,1,1,0,12,1,0,0,0,0,31
2002,0,1,0,japan,1,0,1,0,1,0,0,1,12,1,0,0,0,0,32,russia,0,0,0,3,1,0,1,1,14,0,0,0,0,0,28
2002,0,1,1,tunisia,0,0,0,0,0,1,1,0,12,1,0,0,0,0,31,belgium,0,0,1,0,0,4,2,1,13,1,0,0,0,0,23
2002,0,0,2,tunisia,0,0,0,0,0,1,1,0,12,1,0,0,0,0,31,japan,1,0,1,0,1,0,0,1,12,1,0,0,0,0,32
2002,0,3,2,belgium,0,0,1,0,0,4,2,1,13,1,0,0,0,0,23,russia,0,0,0,3,1,0,1,1,14,0,0,0,0,0,28
2002,1,1,0,germany,0,2,2,0,0,20,1,14,10,1,1,1,0,0,11,paraguay,0,0,0,1,0,1,0,2,14,1,1,0,0,0,18
2002,1,0,3,denmark,0,0,5,0,3,1,0,0,19,1,1,1,0,0,20,england,0,0,22,0,0,1,0,11,11,1,1,0,0,0,12
2002,1,1,2,sweden,0,0,5,1,1,1,2,1,17,0,0,0,0,0,19,senegal,0,0,0,0,0,0,17,6,14,0,0,0,0,0,42
2002,1,1,1,spain,0,2,0,22,1,0,0,12,11,1,0,0,0,0,8,ireland,0,0,17,0,0,0,0,1,15,0,0,0,0,0,15
2002,1,0,2,mexico,0,0,0,2,0,0,1,0,15,1,1,0,0,0,7,united states,0,0,5,0,0,1,1,1,21,1,0,0,0,0,13
2002,1,2,0,brazil,0,0,1,3,4,1,2,5,18,1,1,1,1,1,2,belgium,0,0,1,0,0,4,2,1,13,1,0,0,0,0,23
2002,1,0,1,japan,1,0,1,0,1,0,0,1,12,1,0,0,0,0,32,turkey,0,0,3,1,3,1,0,3,12,0,0,0,0,0,22
2002,1,2,1,south korea,1,0,0,0,1,0,0,0,16,1,0,0,0,0,40,italy,0,1,0,1,22,0,0,14,9,1,1,1,0,0,6
2002,1,1,2,england,0,0,22,0,0,1,0,11,11,1,1,0,0,0,12,brazil,0,0,1,3,4,1,2,5,18,1,1,1,1,1,2
2002,1,1,0,germany,0,2,2,0,0,20,1,14,10,1,1,1,0,0,11,united states,0,0,5,0,0,1,1,1,21,1,0,0,0,0,13
2002,1,0,0,spain,0,2,0,22,1,0,0,12,11,1,0,0,0,0,8,south korea,1,0,0,0,1,0,0,0,16,1,0,0,0,0,40
2002,1,0,1,senegal,0,0,0,0,0,0,17,6,14,0,0,0,0,0,42,turkey,0,0,3,1,3,1,0,3,12,0,0,0,0,0,22
2002,1,1,0,germany,0,2,2,0,0,20,1,14,10,1,1,1,0,0,11,south korea,1,0,0,0,1,0,0,0,16,1,0,0,0,0,40
2002,1,1,0,brazil,0,0,1,3,4,1,2,5,18,1,1,1,1,1,2,turkey,0,0,3,1,3,1,0,3,12,0,0,0,0,0,22
2002,1,2,3,south korea,1,0,0,0,1,0,0,0,16,1,0,0,0,0,40,turkey,0,0,3,1,3,1,0,3,12,0,0,0,0,0,22
2002,1,0,2,germany,0,2,2,0,0,20,1,14,10,1,1,1,0,0,11,brazil,0,0,1,3,4,1,2,5,18,1,1,1,1,1,2
2018,0,5,0,russia,1,0,0,1,0,0,0,0,10,1,0,0,0,0,70,saudi arabia,0,0,0,3,0,0,0,0,7,0,0,0,0,0,67
2018,0,0,1,egypt,0,1,5,0,0,0,0,1,16,0,0,0,0,0,45,uruguay,0,2,0,5,5,0,1,7,19,1,1,0,0,0,14
2018,0,3,1,russia,1,0,0,1,0,0,0,0,10,1,0,0,0,0,70,egypt,0,1,5,0,0,0,0,1,16,0,0,0,0,0,45
2018,0,1,0,uruguay,0,2,0,5,5,0,1,7,19,1,1,0,0,0,14,saudi arabia,0,0,0,3,0,0,0,0,7,0,0,0,0,0,67
2018,0,3,0,uruguay,0,2,0,5,5,0,1,7,19,1,1,0,0,0,14,russia,1,0,0,1,0,0,0,0,10,1,0,0,0,0,70
2018,0,2,1,saudi arabia,0,0,0,3,0,0,0,0,7,0,0,0,0,0,67,egypt,0,1,5,0,0,0,0,1,16,0,0,0,0,0,45
2018,0,0,1,morocco,0,0,0,5,1,1,2,3,22,0,0,0,0,0,41,iran,0,0,0,0,0,0,0,0,18,1,0,0,0,0,37
2018,0,3,3,portugal,0,1,4,2,2,1,2,11,19,1,0,0,0,0,4,spain,0,1,4,17,1,1,0,17,13,1,0,0,0,0,10
2018,0,1,0,portugal,0,1,4,2,2,1,2,11,19,1,0,0,0,0,4,morocco,0,0,0,5,1,1,2,3,22,0,0,0,0,0,41
2018,0,0,1,iran,0,0,0,0,0,0,0,0,18,1,0,0,0,0,37,spain,0,1,4,17,1,1,0,17,13,1,0,0,0,0,10
2018,0,1,1,iran,0,0,0,0,0,0,0,0,18,1,0,0,0,0,37,portugal,0,1,4,2,2,1,2,11,19,1,0,0,0,0,4
2018,0,2,2,spain,0,1,4,17,1,1,0,17,13,1,0,0,0,0,10,morocco,0,0,0,5,1,1,2,3,22,0,0,0,0,0,41
2018,0,2,1,france,0,1,5,6,1,2,9,15,15,1,1,1,0,0,7,australia,0,0,2,0,0,1,0,0,22,1,0,0,0,0,36
2018,0,0,1,peru,0,0,1,0,0,0,0,0,19,0,0,0,0,0,11,denmark,0,0,5,3,2,3,2,0,19,0,0,0,0,0,12
2018,0,1,1,denmark,0,0,5,3,2,3,2,0,19,0,0,0,0,0,12,australia,0,0,2,0,0,1,0,0,22,1,0,0,0,0,36
2018,0,1,0,france,0,1,5,6,1,2,9,15,15,1,1,1,0,0,7,peru,0,0,1,0,0,0,0,0,19,0,0,0,0,0,11
2018,0,0,0,denmark,0,0,5,3,2,3,2,0,19,0,0,0,0,0,12,france,0,1,5,6,1,2,9,15,15,1,1,1,0,0,7
2018,0,0,2,australia,0,0,2,0,0,1,0,0,22,1,0,0,0,0,36,peru,0,0,1,0,0,0,0,0,19,0,0,0,0,0,11
2018,0,1,1,argentina,0,3,5,3,5,0,2,11,19,1,1,1,1,1,5,iceland,0,0,2,0,1,1,0,0,21,0,0,0,0,0,22
2018,0,2,0,croatia,0,0,1,4,6,4,1,9,21,1,0,0,0,0,20,nigeria,0,0,4,2,2,1,1,0,21,1,1,0,0,0,48
2018,0,0,3,argentina,0,3,5,3,5,0,2,11,19,1,1,1,1,1,5,croatia,0,0,1,4,6,4,1,9,21,1,0,0,0,0,20
2018,0,2,0,nigeria,0,0,4,2,2,1,1,0,21,1,1,0,0,0,48,iceland,0,0,2,0,1,1,0,0,21,0,0,0,0,0,22
2018,0,1,2,nigeria,0,0,4,2,2,1,1,0,21,1,1,0,0,0,48,argentina,0,3,5,3,5,0,2,11,19,1,1,1,1,1,5
2018,0,1,2,iceland,0,0,2,0,1,1,0,0,21,0,0,0,0,0,22,croatia,0,0,1,4,6,4,1,9,21,1,0,0,0,0,20
2018,0,0,1,costa rica,0,0,0,4,1,0,0,2,19,1,1,1,0,0,23,serbia,0,0,3,2,4,2,0,3,22,0,0,0,0,0,34
2018,0,1,1,brazil,0,1,6,5,3,0,3,15,14,1,1,1,1,0,2,switzerland,0,0,2,1,5,10,1,4,19,1,1,0,0,0,6
2018,0,2,0,brazil,0,1,6,5,3,0,3,15,14,1,1,1,1,0,2,costa rica,0,0,0,4,1,0,0,2,19,1,1,1,0,0,23
2018,0,1,2,serbia,0,0,3,2,4,2,0,3,22,0,0,0,0,0,34,switzerland,0,0,2,1,5,10,1,4,19,1,1,0,0,0,6
2018,0,0,2,serbia,0,0,3,2,4,2,0,3,22,0,0,0,0,0,34,brazil,0,1,6,5,3,0,3,15,14,1,1,1,1,0,2
2018,0,2,2,switzerland,0,0,2,1,5,10,1,4,19,1,1,0,0,0,6,costa rica,0,0,0,4,1,0,0,2,19,1,1,1,0,0,23
2018,0,0,1,germany,0,1,3,2,1,15,2,14,16,1,1,1,1,1,1,mexico,0,0,1,3,0,2,0,4,17,1,1,0,0,0,15
2018,0,1,0,sweden,0,0,3,1,4,2,3,1,19,0,0,0,0,0,24,south korea,0,0,2,0,0,1,0,0,19,1,0,0,0,0,57
2018,0,1,2,south korea,0,0,2,0,0,1,0,0,19,1,0,0,0,0,57,mexico,0,0,1,3,0,2,0,4,17,1,1,0,0,0,15
2018,0,2,1,germany,0,1,3,2,1,15,2,14,16,1,1,1,1,1,1,sweden,0,0,3,1,4,2,3,1,19,0,0,0,0,0,24
2018,0,2,0,south korea,0,0,2,0,0,1,0,0,19,1,0,0,0,0,57,germany,0,1,3,2,1,15,2,14,16,1,1,1,1,1,1
2018,0,0,3,mexico,0,0,1,3,0,2,0,4,17,1,1,0,0,0,15,sweden,0,0,3,1,4,2,3,1,19,0,0,0,0,0,24
2018,0,3,0,belgium,0,0,11,2,1,3,2,9,18,1,1,1,0,0,3,panama,0,0,0,0,0,0,0,0,20,0,0,0,0,0,55
2018,0,1,2,tunisia,0,0,1,0,0,0,6,0,20,0,0,0,0,0,21,england,0,2,23,0,0,0,0,10,11,1,0,0,0,0,12
2018,0,5,2,belgium,0,0,11,2,1,3,2,9,18,1,1,1,0,0,3,tunisia,0,0,1,0,0,0,6,0,20,0,0,0,0,0,21
2018,0,6,1,england,0,2,23,0,0,0,0,10,11,1,0,0,0,0,12,panama,0,0,0,0,0,0,0,0,20,0,0,0,0,0,55
2018,0,0,1,england,0,2,23,0,0,0,0,10,11,1,0,0,0,0,12,belgium,0,0,11,2,1,3,2,9,18,1,1,1,0,0,3
2018,0,1,2,panama,0,0,0,0,0,0,0,0,20,0,0,0,0,0,55,tunisia,0,0,1,0,0,0,6,0,20,0,0,0,0,0,21
2018,0,1,2,colombia,0,0,3,6,2,1,1,4,21,1,1,1,0,0,16,japan,0,0,2,2,0,4,2,0,20,1,0,0,0,0,61
2018,0,1,2,poland,0,1,3,0,7,3,1,5,19,0,0,0,0,0,8,senegal,0,0,5,0,3,1,6,3,20,0,0,0,0,0,27
2018,0,2,2,japan,0,0,2,2,0,4,2,0,20,1,0,0,0,0,61,senegal,0,0,5,0,3,1,6,3,20,0,0,0,0,0,27
2018,0,0,3,poland,0,1,3,0,7,3,1,5,19,0,0,0,0,0,8,colombia,0,0,3,6,2,1,1,4,21,1,1,1,0,0,16
2018,0,0,1,japan,0,0,2,2,0,4,2,0,20,1,0,0,0,0,61,poland,0,1,3,0,7,3,1,5,19,0,0,0,0,0,8
2018,0,0,1,senegal,0,0,5,0,3,1,6,3,20,0,0,0,0,0,27,colombia,0,0,3,6,2,1,1,4,21,1,1,1,0,0,16
2018,1,4,3,france,0,1,5,6,1,2,9,15,15,1,1,1,0,0,7,argentina,0,3,5,3,5,0,2,11,19,1,1,1,1,1,5
2018,1,2,1,uruguay,0,2,0,5,5,0,1,7,19,1,1,0,0,0,14,portugal,0,1,4,2,2,1,2,11,19,1,0,0,0,0,4
2018,1,1,1,spain,0,1,4,17,1,1,0,17,13,1,0,0,0,0,10,russia,1,0,0,1,0,0,0,0,10,1,0,0,0,0,70
2018,1,1,1,croatia,0,0,1,4,6,4,1,9,21,1,0,0,0,0,20,denmark,0,0,5,3,2,3,2,0,19,0,0,0,0,0,12
2018,1,2,0,brazil,0,1,6,5,3,0,3,15,14,1,1,1,1,0,2,mexico,0,0,1,3,0,2,0,4,17,1,1,0,0,0,15
2018,1,3,2,belgium,0,0,11,2,1,3,2,9,18,1,1,1,0,0,3,japan,0,0,2,2,0,4,2,0,20,1,0,0,0,0,61
2018,1,1,0,sweden,0,0,3,1,4,2,3,1,19,0,0,0,0,0,24,switzerland,0,0,2,1,5,10,1,4,19,1,1,0,0,0,6
2018,1,1,1,colombia,0,0,3,6,2,1,1,4,21,1,1,1,0,0,16,england,0,2,23,0,0,0,0,10,11,1,0,0,0,0,12
2018,1,0,2,uruguay,0,2,0,5,5,0,1,7,19,1,1,0,0,0,14,france,0,1,5,6,1,2,9,15,15,1,1,1,0,0,7
2018,1,1,2,brazil,0,1,6,5,3,0,3,15,14,1,1,1,1,0,2,belgium,0,0,11,2,1,3,2,9,18,1,1,1,0,0,3
2018,1,0,2,sweden,0,0,3,1,4,2,3,1,19,0,0,0,0,0,24,england,0,2,23,0,0,0,0,10,11,1,0,0,0,0,12
2018,1,2,2,russia,1,0,0,1,0,0,0,0,10,1,0,0,0,0,70,croatia,0,0,1,4,6,4,1,9,21,1,0,0,0,0,20
2018,1,1,0,france,0,1,5,6,1,2,9,15,15,1,1,1,0,0,7,belgium,0,0,11,2,1,3,2,9,18,1,1,1,0,0,3
2018,1,2,1,croatia,0,0,1,4,6,4,1,9,21,1,0,0,0,0,20,england,0,2,23,0,0,0,0,10,11,1,0,0,0,0,12
2018,1,2,0,belgium,0,0,11,2,1,3,2,9,18,1,1,1,0,0,3,england,0,2,23,0,0,0,0,10,11,1,0,0,0,0,12
2018,1,4,2,france,0,1,5,6,1,2,9,15,15,1,1,1,0,0,7,croatia,0,0,1,4,6,4,1,9,21,1,0,0,0,0,20
2022,0,0,2,qatar,1,0,0,0,0,0,0,0,6,0,0,0,0,0,50,ecuador,0,0,3,0,0,2,1,1,21,0,0,0,0,0,44
2022,0,0,2,senegal,0,0,6,3,2,1,5,7,23,1,0,0,0,0,18,netherlands,0,0,3,2,4,2,0,8,15,0,0,0,0,0,8
2022,0,1,3,qatar,1,0,0,0,0,0,0,0,6,0,0,0,0,0,50,senegal,0,0,6,3,2,1,5,7,23,1,0,0,0,0,18
2022,0,1,1,netherlands,0,0,3,2,4,2,0,8,15,0,0,0,0,0,8,ecuador,0,0,3,0,0,2,1,1,21,0,0,0,0,0,44
2022,0,1,2,ecuador,0,0,3,0,0,2,1,1,21,0,0,0,0,0,44,senegal,0,0,6,3,2,1,5,7,23,1,0,0,0,0,18
2022,0,2,0,netherlands,0,0,3,2,4,2,0,8,15,0,0,0,0,0,8,qatar,1,0,0,0,0,0,0,0,6,0,0,0,0,0,50
2022,0,6,2,england,0,1,25,0,0,1,0,11,11,1,1,1,1,0,5,iran,0,0,1,0,0,1,0,2,16,1,0,0,0,0,20
2022,0,1,1,united states,0,0,5,2,2,2,1,3,22,0,0,0,0,0,16,wales,0,0,3,0,1,0,2,0,20,0,0,0,0,0,19
2022,0,0,2,wales,0,0,3,0,1,0,2,0,20,0,0,0,0,0,19,iran,0,0,1,0,0,1,0,2,16,1,0,0,0,0,20
2022,0,0,0,england,0,1,25,0,0,1,0,11,11,1,1,1,1,0,5,united states,0,0,5,2,2,2,1,3,22,0,0,0,0,0,16
2022,0,0,3,wales,0,0,3,0,1,0,2,0,20,0,0,0,0,0,19,england,0,1,25,0,0,1,0,11,11,1,1,1,1,0,5
2022,0,0,1,iran,0,0,1,0,0,1,0,2,16,1,0,0,0,0,20,united states,0,0,5,2,2,2,1,3,22,0,0,0,0,0,16
2022,0,1,2,argentina,0,1,5,10,4,1,2,9,18,1,1,0,0,0,3,saudi arabia,0,0,0,0,0,0,0,0,7,1,0,0,0,0,51
2022,0,0,0,mexico,0,0,1,1,1,0,0,1,16,1,1,0,0,0,13,poland,0,1,2,1,9,2,2,2,24,1,0,0,0,0,26
2022,0,2,0,poland,0,1,2,1,9,2,2,2,24,1,0,0,0,0,26,saudi arabia,0,0,0,0,0,0,0,0,7,1,0,0,0,0,51
2022,0,2,0,argentina,0,1,5,10,4,1,2,9,18,1,1,0,0,0,3,mexico,0,0,1,1,1,0,0,1,16,1,1,0,0,0,13
2022,0,0,2,poland,0,1,2,1,9,2,2,2,24,1,0,0,0,0,26,argentina,0,1,5,10,4,1,2,9,18,1,1,0,0,0,3
2022,0,1,2,saudi arabia,0,0,0,0,0,0,0,0,7,1,0,0,0,0,51,mexico,0,0,1,1,1,0,0,1,16,1,1,0,0,0,13
2022,0,0,0,denmark,0,0,7,4,2,6,1,3,23,1,1,0,0,0,10,tunisia,0,0,0,0,1,1,2,0,22,1,0,0,0,0,30
2022,0,4,1,france,0,2,5,6,3,6,6,18,17,1,1,1,1,1,4,australia,0,0,0,1,1,0,0,0,20,1,0,0,0,0,38
2022,0,0,1,tunisia,0,0,0,0,1,1,2,0,22,1,0,0,0,0,30,australia,0,0,0,1,1,0,0,0,20,1,0,0,0,0,38
2022,0,2,1,france,0,2,5,6,3,6,6,18,17,1,1,1,1,1,4,denmark,0,0,7,4,2,6,1,3,23,1,1,0,0,0,10
2022,0,1,0,australia,0,0,0,1,1,0,0,0,20,1,0,0,0,0,38,denmark,0,0,7,4,2,6,1,3,23,1,1,0,0,0,10
2022,0,1,0,tunisia,0,0,0,0,1,1,2,0,22,1,0,0,0,0,30,france,0,2,5,6,3,6,6,18,17,1,1,1,1,1,4
2022,0,1,2,germany,0,0,4,2,0,19,0,16,13,1,0,0,0,0,11,japan,0,0,2,1,0,5,3,2,24,1,1,0,0,0,24
2022,0,7,0,spain,0,0,5,18,0,1,2,18,12,1,1,0,0,0,7,costa rica,0,0,0,0,0,0,1,1,17,1,0,0,0,0,31
2022,0,0,1,japan,0,0,2,1,0,5,3,2,24,1,1,0,0,0,24,costa rica,0,0,0,0,0,0,1,1,17,1,0,0,0,0,31
2022,0,1,1,spain,0,0,5,18,0,1,2,18,12,1,1,0,0,0,7,germany,0,0,4,2,0,19,0,16,13,1,0,0,0,0,11
2022,0,2,1,japan,0,0,2,1,0,5,3,2,24,1,1,0,0,0,24,spain,0,0,5,18,0,1,2,18,12,1,1,0,0,0,7
2022,0,2,4,costa rica,0,0,0,0,0,0,1,1,17,1,0,0,0,0,31,germany,0,0,4,2,0,19,0,16,13,1,0,0,0,0,11
2022,0,0,0,morocco,0,0,3,3,2,1,4,3,22,1,0,0,0,0,22,croatia,0,0,2,3,4,5,1,5,23,1,1,1,1,1,12
2022,0,1,0,belgium,0,0,7,4,2,3,3,9,18,1,1,1,1,0,2,canada,0,0,0,0,0,1,2,2,18,0,0,0,0,0,41
2022,0,0,2,belgium,0,0,7,4,2,3,3,9,18,1,1,1,1,0,2,morocco,0,0,3,3,2,1,4,3,22,1,0,0,0,0,22
2022,0,4,1,croatia,0,0,2,3,4,5,1,5,23,1,1,1,1,1,12,canada,0,0,0,0,0,1,2,2,18,0,0,0,0,0,41
2022,0,0,0,croatia,0,0,2,3,4,5,1,5,23,1,1,1,1,1,12,belgium,0,0,7,4,2,3,3,9,18,1,1,1,1,0,2
2022,0,1,2,canada,0,0,0,0,0,1,2,2,18,0,0,0,0,0,41,morocco,0,0,3,3,2,1,4,3,22,1,0,0,0,0,22
2022,0,1,0,switzerland,0,0,4,1,2,7,2,4,22,1,1,0,0,0,15,cameroon,0,0,1,0,4,1,4,4,26,0,0,0,0,0,43
2022,0,2,0,brazil,0,1,12,5,3,0,2,10,16,1,1,1,0,0,1,serbia,0,1,0,5,11,0,0,1,19,1,0,0,0,0,21
2022,0,3,3,cameroon,0,0,1,0,4,1,4,4,26,0,0,0,0,0,43,serbia,0,1,0,5,11,0,0,1,19,1,0,0,0,0,21
2022,0,1,0,brazil,0,1,12,5,3,0,2,10,16,1,1,1,0,0,1,switzerland,0,0,4,1,2,7,2,4,22,1,1,0,0,0,15
2022,0,2,3,serbia,0,1,0,5,11,0,0,1,19,1,0,0,0,0,21,switzerland,0,0,4,1,2,7,2,4,22,1,1,0,0,0,15
2022,0,1,0,cameroon,0,0,1,0,4,1,4,4,26,0,0,0,0,0,43,brazil,0,1,12,5,3,0,2,10,16,1,1,1,0,0,1
2022,0,0,0,uruguay,0,0,3,4,3,0,0,7,21,1,1,1,0,0,14,south korea,0,1,2,1,1,2,0,1,17,1,0,0,0,0,28
2022,0,3,2,portugal,0,1,9,2,2,2,3,15,14,1,1,0,0,0,9,ghana,0,0,5,2,0,1,4,1,25,0,0,0,0,0,61
2022,0,2,3,south korea,0,1,2,1,1,2,0,1,17,1,0,0,0,0,28,ghana,0,0,5,2,0,1,4,1,25,0,0,0,0,0,61
2022,0,2,0,portugal,0,1,9,2,2,2,3,15,14,1,1,0,0,0,9,uruguay,0,0,3,4,3,0,0,7,21,1,1,1,0,0,14
2022,0,0,2,ghana,0,0,5,2,0,1,4,1,25,0,0,0,0,0,61,uruguay,0,0,3,4,3,0,0,7,21,1,1,1,0,0,14
2022,0,2,1,south korea,0,1,2,1,1,2,0,1,17,1,0,0,0,0,28,portugal,0,1,9,2,2,2,3,15,14,1,1,0,0,0,9
2022,1,3,1,netherlands,0,0,3,2,4,2,0,8,15,0,0,0,0,0,8,united states,0,0,5,2,2,2,1,3,22,0,0,0,0,0,16
2022,1,2,1,argentina,0,1,5,10,4,1,2,9,18,1,1,0,0,0,3,australia,0,0,0,1,1,0,0,0,20,1,0,0,0,0,38
2022,1,3,1,france,0,2,5,6,3,6,6,18,17,1,1,1,1,1,4,poland,0,1,2,1,9,2,2,2,24,1,0,0,0,0,26
2022,1,3,0,england,0,1,25,0,0,1,0,11,11,1,1,1,1,0,5,senegal,0,0,6,3,2,1,5,7,23,1,0,0,0,0,18
2022,1,1,1,japan,0,0,2,1,0,5,3,2,24,1,1,0,0,0,24,croatia,0,0,2,3,4,5,1,5,23,1,1,1,1,1,12
2022,1,4,1,brazil,0,1,12,5,3,0,2,10,16,1,1,1,0,0,1,south korea,0,1,2,1,1,2,0,1,17,1,0,0,0,0,28
2022,1,0,0,morocco,0,0,3,3,2,1,4,3,22,1,0,0,0,0,22,spain,0,0,5,18,0,1,2,18,12,1,1,0,0,0,7
2022,1,6,1,portugal,0,1,9,2,2,2,3,15,14,1,1,0,0,0,9,switzerland,0,0,4,1,2,7,2,4,22,1,1,0,0,0,15
2022,1,1,1,croatia,0,0,2,3,4,5,1,5,23,1,1,1,1,1,12,brazil,0,1,12,5,3,0,2,10,16,1,1,1,0,0,1
2022,1,2,2,netherlands,0,0,3,2,4,2,0,8,15,0,0,0,0,0,8,argentina,0,1,5,10,4,1,2,9,18,1,1,0,0,0,3
2022,1,1,0,morocco,0,0,3,3,2,1,4,3,22,1,0,0,0,0,22,portugal,0,1,9,2,2,2,3,15,14,1,1,0,0,0,9
2022,1,1,2,england,0,1,25,0,0,1,0,11,11,1,1,1,1,0,5,france,0,2,5,6,3,6,6,18,17,1,1,1,1,1,4
2022,1,3,0,argentina,0,1,5,10,4,1,2,9,18,1,1,0,0,0,3,croatia,0,0,2,3,4,5,1,5,23,1,1,1,1,1,12
2022,1,2,0,france,0,2,5,6,3,6,6,18,17,1,1,1,1,1,4,morocco,0,0,3,3,2,1,4,3,22,1,0,0,0,0,22
2022,1,2,1,croatia,0,0,2,3,4,5,1,5,23,1,1,1,1,1,12,morocco,0,0,3,3,2,1,4,3,22,1,0,0,0,0,22
2022,1,3,3,argentina,0,1,5,10,4,1,2,9,18,1,1,0,0,0,3,france,0,2,5,6,3,6,6,18,17,1,1,1,1,1,4
